sample_id	Hugo_Symbol	Chromosome	Start_Position	End_Position	Ref	Alt	Support	region	effect	details	MUT_ID
1094	SIN3A	chr15	75419793	75419793	A	C		intronic	.	.	chr15|75419793|A|C|intronic|SIN3A
11843	SIN3A	chr15	75419793	75419793	A	C		intronic	.	.	chr15|75419793|A|C|intronic|SIN3A
12132	SIN3A	chr15	75419793	75419793	A	C		intronic	.	.	chr15|75419793|A|C|intronic|SIN3A
1276	SIN3A	chr15	75419793	75419793	A	C		intronic	.	.	chr15|75419793|A|C|intronic|SIN3A
1294	SIN3A	chr15	75419793	75419793	A	C		intronic	.	.	chr15|75419793|A|C|intronic|SIN3A
19095	SIN3A	chr15	75419793	75419793	A	C		intronic	.	.	chr15|75419793|A|C|intronic|SIN3A
4942	SIN3A	chr15	75419793	75419793	A	C		intronic	.	.	chr15|75419793|A|C|intronic|SIN3A
4946	SIN3A	chr15	75419793	75419793	A	C		intronic	.	.	chr15|75419793|A|C|intronic|SIN3A
4949	SIN3A	chr15	75419793	75419793	A	C		intronic	.	.	chr15|75419793|A|C|intronic|SIN3A
6113	SIN3A	chr15	75419793	75419793	A	C		intronic	.	.	chr15|75419793|A|C|intronic|SIN3A
6197	SIN3A	chr15	75419793	75419793	A	C		intronic	.	.	chr15|75419793|A|C|intronic|SIN3A
